sample_type,x1,x2,actual_swap_test_loss,reconstruction_score,reconstruction_fidelity,trash_z_expectation
normal,0.4472953106188253,0.4472953106188253,0.00048828125,0.0019169063203674508,0.9980830936796325,0.9976719231098038
normal,0.5168663166287515,0.5168663166287515,0.0,0.0002826442605033952,0.9997173557394966,0.9995119394880397
normal,0.5703636099778266,0.5703636099778266,0.001220703125,0.0036460320389581913,0.9963539679610418,0.9946402616454253
normal,0.4272987848759396,0.4272987848759396,0.000732421875,0.0036912322307557366,0.9963087677692443,0.9954005764758941
normal,0.48957390758743646,0.48957390758743646,0.0,9.406495814734406e-05,0.9999059350418527,0.9999054590611899
normal,0.4683973723032546,0.4683973723032546,0.000244140625,0.0006821074016799544,0.99931789259832,0.9992211341492419
normal,0.41194902628362984,0.41194902628362984,0.001220703125,0.0054549283297943285,0.9945450716702057,0.9931248515110049
normal,0.5367463354629196,0.5367463354629196,0.00048828125,0.001077556949240388,0.9989224430507596,0.9983301598147805
normal,0.49882780407225774,0.49882780407225774,0.0,3.955250887111017e-05,0.9999604474911289,0.9999323213999158
normal,0.5035720922146303,0.5035720922146303,0.0,5.891523432799417e-05,0.999941084765672,0.9998821973198049
normal,0.46238442637772054,0.46238442637772054,0.000244140625,0.0009676191331891015,0.9990323808668109,0.9988681319541663
normal,0.5227392081498459,0.5227392081498459,0.000244140625,0.00046043035417475675,0.9995395696458252,0.9992409104581296
normal,0.47303513252563395,0.47303513252563395,0.0,0.0004978361208115567,0.9995021638791884,0.9994453714040682
normal,0.49285483957516196,0.49285483957516196,0.0,6.073584781440822e-05,0.9999392641521856,0.9999338656112515
normal,0.4445869603909243,0.4445869603909243,0.00048828125,0.0021226794708847363,0.9978773205291153,0.9974101358226182
normal,0.43919486198959024,0.43919486198959024,0.00048828125,0.002564532207011583,0.9974354677929884,0.9968462037330195
normal,0.5667765927650011,0.5667765927650011,0.0009765625,0.0033001722307135495,0.9966998277692865,0.99513423774291
normal,0.47464476477307627,0.47464476477307627,0.0,0.00044117976229163247,0.9995588202377084,0.9995134315945626
normal,0.5145840178177901,0.5145840178177901,0.0,0.00022656107763496802,0.999773438922365,0.9995995289005046
normal,0.4983104782616314,0.4983104782616314,0.0,3.937548098797983e-05,0.999960624519012,0.9999351713691669
normal,0.4779427398618908,0.4779427398618908,0.0,0.00033681992221579193,0.9996631800777842,0.9996371778166345
normal,0.474601951483139,0.474601951483139,0.0,0.00044263809428612966,0.9995573619057139,0.999511686420598
normal,0.5315041295722793,0.5315041295722793,0.000244140625,0.0008149021649189736,0.999185097835081,0.9987145117537222
normal,0.4849066197733045,0.4849066197733045,0.0,0.00016808049280891968,0.9998319195071911,0.9998292389187682
normal,0.4924278175914354,0.4924278175914354,0.0,6.420147093200157e-05,0.999935798529068,0.9999313437005055
normal,0.501111077859724,0.501111077859724,0.0,4.48812329159054e-05,0.9999551187670841,0.9999135957952756
normal,0.5588254160126,0.5588254160126,0.000732421875,0.002594060741111015,0.997405939258889,0.9961442475269053
normal,0.5340255487316569,0.5340255487316569,0.000244140625,0.000936522958550956,0.999063477041449,0.9985361257660916
normal,0.5191300133863996,0.5191300133863996,0.0,0.000345470750259369,0.9996545292497406,0.9994152514833747
normal,0.4718214303323379,0.4718214303323379,0.000244140625,0.0005430417647122043,0.9994569582352878,0.999390725673149
normal,0.4309015639996767,0.4309015639996767,0.000732421875,0.0033279056814712327,0.9966720943185288,0.9958676852997318
normal,0.5474764965867651,0.5474764965867651,0.00048828125,0.0017322803656220076,0.998267719634378,0.9973819433893377
normal,0.5483223567110438,0.5483223567110438,0.00048828125,0.0017905374447297895,0.9982094625552702,0.9972979998163457
normal,0.492964580043833,0.492964580043833,0.0,5.988733847595018e-05,0.999940112661524,0.9999344569366312
normal,0.5270941920801759,0.5270941920801759,0.000244140625,0.0006232604883293913,0.9993767395116706,0.9989975762420568
normal,0.5390721526942702,0.5390721526942702,0.00048828125,0.001206155945652987,0.998793844054347,0.998143020415079
normal,0.5415592226332491,0.5415592226332491,0.00048828125,0.0013518444580898903,0.9986481555419101,0.9979316306488296
normal,0.5460691736623235,0.5460691736623235,0.00048828125,0.00163749725503326,0.9983625027449667,0.9975186346100401
normal,0.47721911746694334,0.47721911746694334,0.0,0.0003583698796394419,0.9996416301203606,0.9996118325856157
normal,0.5757486491332359,0.5757486491332359,0.001220703125,0.004196881085422821,0.9958031189145772,0.9938541109329335
normal,0.43767034708571456,0.43767034708571456,0.000732421875,0.002697235300387568,0.9973027646996124,0.996676438996243
normal,0.5430861538496825,0.5430861538496825,0.00048828125,0.0014454641893890674,0.9985545358106109,0.9977960820436362
normal,0.5246966039515379,0.5246966039515379,0.000244140625,0.0005303594878023343,0.9994696405121977,0.9991359977016945
normal,0.5436809556762251,0.5436809556762251,0.00048828125,0.0014827908480339325,0.9985172091519661,0.9977420941386387
normal,0.5939504153548368,0.5939504153548368,0.00146484375,0.006335953137696637,0.9936640468623034,0.990803566783379
normal,0.5742222736689324,0.5742222736689324,0.001220703125,0.004036903356337773,0.9959630966436622,0.9940823660987119
normal,0.44274115464053376,0.44274115464053376,0.00048828125,0.002269108158829747,0.9977308918411703,0.9972234988683891
normal,0.4155664209866071,0.4155664209866071,0.001220703125,0.0050077778200045,0.9949922221799955,0.9937028484723036
normal,0.5408444529526898,0.5408444529526898,0.00048828125,0.0013091108151545017,0.9986908891848455,0.9979935751984587
normal,0.44924937920620384,0.44924937920620384,0.00048828125,0.0017751433615919021,0.9982248566384081,0.997851894360191
normal,0.49937973056762436,0.49937973056762436,0.0,4.016126144823495e-05,0.9999598387385518,0.9999287133740855
normal,0.5419863738502597,0.5419863738502597,0.00048828125,0.001377714510330308,0.9986222854896697,0.9978941533254758
normal,0.4178101324407207,0.4178101324407207,0.001220703125,0.004740199988214511,0.9952598000117855,0.9940484325457059
normal,0.39450097728452604,0.39450097728452604,0.002197265625,0.007885072757311429,0.9921149272426886,0.9899755844079867
normal,0.5129649510168613,0.5129649510168613,0.0,0.00019120429349916979,0.9998087957065008,0.9996556358287787
normal,0.5022192944806648,0.5022192944806648,0.0,5.013740667669797e-05,0.9999498625933233,0.9999008961252277
normal,0.48770984643090387,0.48770984643090387,0.0,0.00011987365911414471,0.9998801263408859,0.999880065161544
normal,0.5019267381885109,0.5019267381885109,0.0,4.8580484989568795e-05,0.9999514195150104,0.9999044778457918
normal,0.456974219631636,0.456974219631636,0.000244140625,0.00126962137525799,0.998730378624742,0.9984903253320621
normal,0.42432527963639466,0.42432527963639466,0.0009765625,0.004005584734329659,0.9959944152656703,0.9949958678603438
normal,0.49166725745598394,0.49166725745598394,0.0,7.102013134552276e-05,0.9999289798686545,0.9999259811605955
normal,0.4514145654475304,0.4514145654475304,0.00048828125,0.0016246185461504803,0.9983753814538495,0.9980425939272531
normal,0.41782593387944467,0.41782593387944467,0.001220703125,0.004738342074821822,0.9952616579251782,0.9940508312605617
normal,0.5252840535696638,0.5252840535696638,0.000244140625,0.0005523845623326418,0.9994476154376674,0.9991030914197686
normal,0.4969300685788912,0.4969300685788912,0.0,4.07682546956778e-05,0.9999592317453043,0.9999402563804473
normal,0.5203264268316407,0.5203264268316407,0.000244140625,0.0003815668937023897,0.9996184331062976,0.9993602062237832
normal,0.45053525292870317,0.45053525292870317,0.00048828125,0.0016849182965434917,0.9983150817034565,0.997966252811099
normal,0.4670970604081671,0.4670970604081671,0.000244140625,0.0007393856097603901,0.9992606143902396,0.9991507589921158
normal,0.4500478486389917,0.4500478486389917,0.00048828125,0.0017188317646803508,0.9982811682353196,0.997923286044847
normal,0.4556679066470976,0.4556679066470976,0.00048828125,0.0013489599513287764,0.9986510400486712,0.9983905476779579
normal,0.5097703958874701,0.5097703958874701,0.0,0.00013224876838313637,0.9998677512316169,0.9997516449408188
normal,0.4608512691832527,0.4608512691832527,0.000244140625,0.0010488564243916754,0.9989511435756083,0.998766861355346
normal,0.5178033144410137,0.5178033144410137,0.0,0.00030778076848625435,0.9996922192315137,0.9994731027316124
normal,0.5169877962709108,0.5169877962709108,0.0,0.00028583385829261676,0.9997141661417074,0.999506998838444
normal,0.6012580493440052,0.6012580493440052,0.00244140625,0.007313125820438304,0.9926868741795617,0.9894094492272346
normal,0.43036054770665955,0.43036054770665955,0.000732421875,0.0033812387349358985,0.9966187612650641,0.9957991660759884
normal,0.5443951188917523,0.5443951188917523,0.00048828125,0.0015282427929381726,0.9984717572070618,0.9976763940939697
normal,0.4955256019055791,0.4955256019055791,0.0,4.497263448732802e-05,0.9999550273655127,0.9999416662018261
normal,0.49929851349345017,0.49929851349345017,0.0,4.0044489976409636e-05,0.9999599555100236,0.9999292810556248
normal,0.4275068089046694,0.4275068089046694,0.000732421875,0.003669730818768313,0.9963302691812317,0.9954282400793055
normal,0.4769903093637673,0.4769903093637673,0.0,0.0003653415562221429,0.9996346584437779,0.9996036072009741
normal,0.5371598631721977,0.5371598631721977,0.00048828125,0.001099880791506691,0.9989001192084933,0.9982976322002306
normal,0.49587608139913475,0.49587608139913475,0.0,4.366001782085682e-05,0.9999563399821791,0.9999416699808029
normal,0.5040527185205633,0.5040527185205633,0.0,6.26583856289109e-05,0.9999373416143711,0.9998747083023216
normal,0.48546416596997294,0.48546416596997294,0.0,0.00015759240140000852,0.9998424075986,0.9998405580616072
normal,0.5577284873493144,0.5577284873493144,0.000732421875,0.0025032353104265104,0.9974967646895735,0.9962743676172886
normal,0.4989263716478253,0.4989263716478253,0.0,3.962943653046391e-05,0.9999603705634695,0.9999317200121782
normal,0.3899792163758969,0.3899792163758969,0.002685546875,0.008588801052842543,0.9914111989471575,0.9890617231809299
normal,0.46539637247627547,0.46539637247627547,0.000244140625,0.0008180162218572873,0.9991819837781427,0.999053750409833
normal,0.40156016964598784,0.40156016964598784,0.00146484375,0.00684730296818592,0.9931526970318141,0.9913218492789123
normal,0.33742807922517304,0.33742807922517304,0.00439453125,0.018996113428275674,0.9810038865717243,0.9754931987494994
normal,0.4734942325113844,0.4734942325113844,0.0,0.00048129360061754944,0.9995187063993825,0.999465296261025
normal,0.5666779925051362,0.5666779925051362,0.0009765625,0.0032909041191747646,0.9967090958808252,0.9951474802703362
normal,0.5023559953065296,0.5023559953065296,0.0,5.0906528892280534e-05,0.9999490934711077,0.999899166178035
normal,0.44137271462975103,0.44137271462975103,0.00048828125,0.002380908409661653,0.9976190915903383,0.997080826042104
normal,0.45296500658987887,0.45296500658987887,0.00048828125,0.0015210608694419259,0.9984789391305581,0.9981735224331202
normal,0.5565306615125004,0.5565306615125004,0.000732421875,0.0024058887826861053,0.9975941112173139,0.9964138972835861
normal,0.5078813311699233,0.5078813311699233,0.0,0.00010414916585277378,0.9998958508341472,0.9997992321974655
normal,0.5023999620781029,0.5023999620781029,0.0,5.115953446188648e-05,0.9999488404655381,0.9998986021529276
normal,0.49732691055809713,0.49732691055809713,0.0,4.00898390402471e-05,0.9999599101609598,0.9999391700458153
normal,0.5019200130777673,0.5019200130777673,0.0,4.8546123469273006e-05,0.9999514538765307,0.9999045582476748
normal,0.5402702823471899,0.5402702823471899,0.00048828125,0.0012752873934224196,0.9987247126065776,0.9980426385066995
normal,0.5276283648678037,0.5276283648678037,0.000244140625,0.0006450433025001479,0.9993549566974999,0.998965250669584
normal,0.5107852350012247,0.5107852350012247,0.0,0.0001494212174963927,0.9998505787825036,0.99972326010651
normal,0.44785658212049945,0.44785658212049945,0.00048828125,0.001875612649259173,0.9981243873507408,0.9977243807911287
normal,0.5255554382454863,0.5255554382454863,0.000244140625,0.0005627211894366768,0.9994372788105633,0.9990876683840404
normal,0.4657876461003753,0.4657876461003753,0.000244140625,0.0007995526237263295,0.9992004473762737,0.9990765674417024
normal,0.5546922837950239,0.5546922837950239,0.000732421875,0.0022602144463953477,0.9977397855536047,0.9966228407602991
normal,0.4364474589137936,0.4364474589137936,0.000732421875,0.002806163623387703,0.9971938363766123,0.996536971327289
normal,0.49311895118622057,0.49311895118622057,0.0,5.872289593233937e-05,0.9999412771040677,0.999935249452145
normal,0.49963208568543643,0.49963208568543643,0.0,4.058395167350071e-05,0.9999594160483265,0.999926868573191
normal,0.43376772246779316,0.43376772246779316,0.000732421875,0.0030525867510688975,0.9969474132489311,0.9962211059393777
normal,0.586098582192824,0.586098582192824,0.00146484375,0.005361170630934553,0.9946388293690654,0.992193649013286
normal,0.5730203383629776,0.5730203383629776,0.001220703125,0.003913065567355933,0.9960869344326441,0.9942590870100039
normal,0.47682081191954584,0.47682081191954584,0.0,0.0003705549064979552,0.999629445093502,0.9995974485072356
normal,0.5385860582782261,0.5385860582782261,0.00048828125,0.001178667466490313,0.9988213325335097,0.9981829753403492
normal,0.5189338034835106,0.5189338034835106,0.0,0.00033974172718409523,0.9996602582728159,0.9994240186132473
normal,0.36932202683273707,0.36932202683273707,0.00341796875,0.012190832895590975,0.987809167104409,0.9843752508859891
normal,0.5125199008138795,0.5125199008138795,0.0,0.00018213039232850559,0.9998178696076715,0.9996701810822198
normal,0.49693279600833756,0.49693279600833756,0.0,4.076282611398252e-05,0.999959237173886,0.9999402499485821
normal,0.5041608676737265,0.5041608676737265,0.0,6.354576224920638e-05,0.9999364542377508,0.9998729620556918
normal,0.44615625400864106,0.44615625400864106,0.00048828125,0.0020021332696933403,0.9979978667303067,0.9975635707542713
normal,0.48653264768897975,0.48653264768897975,0.0,0.0001387422606047295,0.9998612577393953,0.9998605707008648
normal,0.49108706183088513,0.49108706183088513,0.0,7.677848790543784e-05,0.9999232215120946,0.9999211401679059
normal,0.5594047108606159,0.5594047108606159,0.000732421875,0.002642672969935256,0.9973573270300647,0.9960746268496384
normal,0.5167213530195507,0.5167213530195507,0.0,0.00027886508785646136,0.9997211349121435,0.999517798414996
normal,0.4997222484898668,0.4997222484898668,0.0,4.0756931319441136e-05,0.9999592430686806,0.9999261797680775
normal,0.576448499895547,0.576448499895547,0.001220703125,0.004271244645154937,0.9957287553548451,0.9937480224718445
normal,0.47223760351181765,0.47223760351181765,0.000244140625,0.0005273000897892954,0.9994726999102107,0.9994097857621329
normal,0.4805284847562308,0.4805284847562308,0.0,0.0002659989044764277,0.9997340010955236,0.999719452334168
normal,0.409162249433047,0.409162249433047,0.00146484375,0.005812670881885085,0.9941873291181149,0.992662031545168
normal,0.5784552923141806,0.5784552923141806,0.001220703125,0.004488002927348744,0.9955119970726513,0.9934388301406368
normal,0.5482166184097215,0.5482166184097215,0.00048828125,0.001783202052656363,0.9982167979473436,0.9973085666579793
normal,0.5458424022255854,0.5458424022255854,0.00048828125,0.0016224749915635384,0.9983775250084365,0.9975403130705817
normal,0.5334449223223469,0.5334449223223469,0.000244140625,0.0009077414248982452,0.9990922585751018,0.998578269364525
normal,0.5055074293831826,0.5055074293831826,0.0,7.598117908858004e-05,0.9999240188209114,0.9998493408386521
normal,0.5107744469591164,0.5107744469591164,0.0,0.00014923104270314624,0.9998507689572969,0.99972357220644
normal,0.48739967048663463,0.48739967048663463,0.0,0.00012465213954060417,0.9998753478604594,0.9998751884304412
normal,0.4898199787138527,0.4898199787138527,0.0,9.10303930310441e-05,0.999908969606969,0.9999083100041287
normal,0.5027151805856848,0.5027151805856848,0.0,5.305375188879857e-05,0.9999469462481112,0.9998944496983179
normal,0.5755914755781889,0.5755914755781889,0.001220703125,0.0041802679211480065,0.995819732078852,0.9938778126499486
normal,0.527784395090404,0.527784395090404,0.000244140625,0.0006514805132354917,0.9993485194867645,0.9989557063509347
normal,0.49707699371205694,0.49707699371205694,0.0,4.0490917449731434e-05,0.9999595090825503,0.9999398895123561
normal,0.4710303974778302,0.4710303974778302,0.000244140625,0.0005736557039351942,0.9994263442960648,0.9993535700832555
normal,0.468250075629417,0.468250075629417,0.000244140625,0.000688472174830701,0.9993115278251693,0.9992133273450269
normal,0.5801352505586245,0.5801352505586245,0.001220703125,0.004673468344871146,0.9953265316551289,0.9931743125399596
normal,0.5253343652113552,0.5253343652113552,0.000244140625,0.0005542931419298958,0.9994457068580701,0.9991002427227298
normal,0.5033775279155327,0.5033775279155327,0.0,5.74930278284258e-05,0.9999425069721716,0.9998851029323893
normal,0.48269090789236385,0.48269090789236385,0.0,0.00021418308827658716,0.9997858169117234,0.9997783137876841
normal,0.4445473294149736,0.4445473294149736,0.00048828125,0.00212577069150488,0.9978742293084951,0.9974061986046339
normal,0.4966569221265052,0.4966569221265052,0.0,4.1365620240152445e-05,0.9999586343797598,0.9999408280028779
normal,0.5436829017235101,0.5436829017235101,0.00048828125,0.0014829137606201526,0.9985170862393798,0.997741916412234
normal,0.4803731376581255,0.4803731376581255,0.0,0.0002699810522018842,0.9997300189477981,0.9997148751655509
normal,0.488637870849972,0.488637870849972,0.0,0.00010640159449104569,0.999893598405509,0.9998935462393882
normal,0.4889482824280511,0.4889482824280511,0.0,0.00010217120273170455,0.9998978287972683,0.9998976842816664
normal,0.5054797183999085,0.5054797183999085,0.0,7.569940873952685e-05,0.9999243005912605,0.9998498619859008
normal,0.42034945606271956,0.42034945606271956,0.001220703125,0.0044463869095314745,0.9955536130904685,0.9944276164994094
normal,0.4882300824017454,0.4882300824017454,0.0,0.00011216918411416366,0.9998878308158858,0.9998878273071932
normal,0.4572802240922964,0.4572802240922964,0.000244140625,0.0012513975581962544,0.9987486024418037,0.9985132170158063
normal,0.5442292516281303,0.5442292516281303,0.00048828125,0.0015176246698735962,0.9984823753301264,0.9976917386047871
normal,0.461470066171757,0.461470066171757,0.000244140625,0.00101565503873835,0.9989843449612616,0.9988082863488323
normal,0.5288523373650348,0.5288523373650348,0.000244140625,0.0006964436219709658,0.999303556378029,0.9988891415820408
normal,0.576221872636338,0.576221872636338,0.001220703125,0.004247094411967134,0.9957529055880329,0.9937824748214786
normal,0.4843201869359187,0.4843201869359187,0.0,0.00017959461783456643,0.9998204053821654,0.9998166846831771
normal,0.4699211873938267,0.4699211873938267,0.000244140625,0.0006181144290137164,0.9993818855709863,0.9992994216797574
normal,0.5095716129563046,0.5095716129563046,0.0,0.00012905501734084002,0.9998709449826592,0.9997569740576229
normal,0.4998985486195486,0.4998985486195486,0.0,4.1128565486103774e-05,0.9999588714345139,0.9999247877586395
normal,0.4503191826330144,0.4503191826330144,0.00048828125,0.0016999093497060969,0.9983000906502939,0.9979472625721331
normal,0.523045970785669,0.523045970785669,0.000244140625,0.00047103774955359334,0.9995289622504464,0.9992249497318622
normal,0.6007758026737704,0.6007758026737704,0.00244140625,0.007246578876148102,0.9927534211238519,0.989504420376252
normal,0.4870944002367138,0.4870944002367138,0.0,0.00012948995558037524,0.9998705100444196,0.9998702073455833
normal,0.48985619019676685,0.48985619019676685,0.0,9.059115755827296e-05,0.9999094088424417,0.9999087196798402
normal,0.4477533988215457,0.4477533988215457,0.00048828125,0.0018831692537503164,0.9981168307462497,0.9977147832587292
normal,0.5159544225843273,0.5159544225843273,0.0,0.00025936087392963714,0.9997406391260704,0.9995481281135042
normal,0.4376511887646186,0.4376511887646186,0.000732421875,0.0026989247904748437,0.9973010752095252,0.9966742766243271
normal,0.4446534487824258,0.4446534487824258,0.00048828125,0.002117498564493614,0.9978825014355064,0.9974167343417348
normal,0.5639833635921895,0.5639833635921895,0.000732421875,0.0030425810127835407,0.9969574189872165,0.9955024146313537
normal,0.4547273470302678,0.4547273470302678,0.00048828125,0.001407632777261969,0.998592367222738,0.9983166447202794
normal,0.5540678784665669,0.5540678784665669,0.000732421875,0.0022117652759663375,0.9977882347240337,0.9966923742944793
normal,0.5762179001891403,0.5762179001891403,0.001220703125,0.004246671688240111,0.9957533283117599,0.9937830778795832
normal,0.5129663228738371,0.5129663228738371,0.0,0.00019123269381515762,0.9998087673061848,0.9996555904082428
normal,0.5276695701425411,0.5276695701425411,0.000244140625,0.0006467400014681379,0.9993532599985319,0.9989627346421937
normal,0.597612547184339,0.597612547184339,0.002197265625,0.0068172759871204525,0.9931827240128795,0.9901169799978423
normal,0.49016357989671416,0.49016357989671416,0.0,8.693829869022007e-05,0.9999130617013098,0.9999120953837074
normal,0.4703497101529192,0.4703497101529192,0.000244140625,0.000600726695961451,0.9993992733040385,0.99932062433508
normal,0.4323384467608529,0.4323384467608529,0.000732421875,0.003188361698402753,0.9968116383015972,0.9960468782066186
normal,0.5020853540173174,0.5020853540173174,0.0,4.940953102017254e-05,0.9999505904689798,0.9999025563361567
normal,0.5739572105459153,0.5739572105459153,0.001220703125,0.004009431496343141,0.9959905685036569,0.9941215670017941
normal,0.5479797690700433,0.5479797690700433,0.00048828125,0.001766825877424938,0.9982331741225751,0.9973321599246764
normal,0.45289543792910214,0.45289543792910214,0.00048828125,0.001525631929032878,0.9984743680709671,0.9981677482423827
normal,0.4572312308083702,0.4572312308083702,0.000244140625,0.0012543060905033654,0.9987456939094966,0.9985095641913566
normal,0.4747914385329518,0.4747914385329518,0.0,0.0004362038107517119,0.9995637961892483,0.999519383405878
normal,0.5146134041247671,0.5146134041247671,0.0,0.00022723679771885497,0.9997727632022811,0.999598464296468
normal,0.4897344286448158,0.4897344286448158,0.0,9.20755584125077e-05,0.9999079244415875,0.9999073320873836
normal,0.510722697272154,0.510722697272154,0.0,0.00014832106190931782,0.9998516789380907,0.9997250662387615
normal,0.5148369689022724,0.5148369689022724,0.0,0.000232417186990741,0.9997675828130093,0.9995903110340237
normal,0.4850613206660776,0.4850613206660776,0.0,0.00016512556225067865,0.9998348744377493,0.9998324398625383
normal,0.49799130291985283,0.49799130291985283,0.0,3.945629554824581e-05,0.9999605437044518,0.9999366729518796
normal,0.5103296188608017,0.5103296188608017,0.0,0.00014153215526746532,0.9998584678447325,0.9997362473206712
normal,0.49580151482334117,0.49580151482334117,0.0,4.3924608406298304e-05,0.9999560753915937,0.9999416889848394
anomaly,0.23660450948139078,0.8137475770180144,0.0185546875,0.052041600166169655,0.9479583998338303,0.9194596386133423
anomaly,0.3095201600772187,0.8775674172555817,0.021240234375,0.05023155774931487,0.9497684422506851,0.9109876269517299
anomaly,0.27935031981288594,0.779846908664197,0.014892578125,0.03999579352595406,0.9600042064740459,0.9375146510395392
anomaly,0.6602076254271685,0.34537342921368674,0.004150390625,0.01685055815275205,0.983149441847248,0.9781992146117023
anomaly,0.16619778955825554,0.665190348105553,0.014892578125,0.05421468568742771,0.9457853143125723,0.935720288234592
anomaly,0.27934570194615876,0.7594500066553616,0.0126953125,0.037523155815294085,0.9624768441847059,0.9429163659575334
anomaly,0.136835193116649,0.6684969657066302,0.015869140625,0.06256933572087164,0.9374306642791284,0.9264935798197631
anomaly,0.24747355834317686,0.6116230330412109,0.007568359375,0.03182312027416734,0.9681768797258327,0.9635272079826707
anomaly,0.8357353641831166,0.24972856106375996,0.0185546875,0.06684972402504996,0.93315027597495,0.9192969962920495
anomaly,0.25238218054222084,0.8182413254714456,0.01806640625,0.04974310346286703,0.950256896537133,0.9212852628845183
anomaly,0.32534947902039285,0.6596566211447186,0.00537109375,0.020568095508128437,0.9794319044918716,0.9716133564834634
anomaly,0.6117797234806835,0.21721916590409482,0.0087890625,0.023948173069326617,0.9760518269306734,0.9579083060451608
anomaly,0.6362992024925515,0.3265659458183635,0.004150390625,0.01499984991787684,0.9850001500821232,0.9786015679957999
anomaly,0.7407051659804095,0.19142100219798808,0.015625,0.049041705477436914,0.9509582945225631,0.9294461807349405
anomaly,0.8191062493067021,0.24457782530631883,0.017578125,0.062439009955020275,0.9375609900449797,0.9231338624228788
anomaly,0.3144151389149913,0.9113579143277618,0.02587890625,0.055796916708934385,0.9442030832910656,0.898706850460571
anomaly,0.2690577717514706,0.752635277043995,0.0126953125,0.03853485271200208,0.9614651472879979,0.942710249485814
anomaly,0.710932280425711,0.21113660677107737,0.012939453125,0.039910745893787736,0.9600892541062123,0.9413213461995419
anomaly,0.6932332535092558,0.18971159346042216,0.014404296875,0.03956374563693654,0.9604362543630635,0.9385923407779232
anomaly,0.26167302073964643,0.7327175511835262,0.01220703125,0.03775778678148123,0.9622422132185188,0.9460059348566584
anomaly,0.7840237770264626,0.1982969036221786,0.018310546875,0.05872300340061298,0.941276996599387,0.9207914886813472
anomaly,0.2012448577143534,0.6836032263328994,0.0126953125,0.046445646542344066,0.9535543534576559,0.9421790702919058
anomaly,0.30545885590503824,0.7061766676641803,0.008544921875,0.0275900894613873,0.9724099105386127,0.9597953646939714
anomaly,0.6693859099246371,0.21552273794427684,0.0107421875,0.031836573282628455,0.9681634267173715,0.9499074709594778
anomaly,0.40280593235428425,0.7084047948186458,0.00537109375,0.016175080323302615,0.9838249196766974,0.9715618154965481
anomaly,0.8117514760131165,0.2945135845656991,0.014892578125,0.05465698205978797,0.945343017940212,0.9362708540850229
anomaly,0.3001494018356411,0.8083257246940011,0.015380859375,0.040548382403043814,0.9594516175969562,0.9328215015396906
anomaly,0.26313980528253594,0.6894551476566113,0.009033203125,0.0335123311802632,0.9664876688197368,0.9552805124996809
anomaly,0.24800386459559687,0.803448191736212,0.016845703125,0.04853974126149896,0.951460258738501,0.9248482076031002
anomaly,0.7567254391165771,0.23006761036148726,0.014892578125,0.04749234848206352,0.9525076515179365,0.9363042596209152
anomaly,0.6810620866862633,0.2800567071734885,0.007568359375,0.02603233906316882,0.9739676609368312,0.9633974992270458
anomaly,0.3214180216823001,0.6446674126034933,0.0048828125,0.02007778233579216,0.9799222176642078,0.9733470772289362
anomaly,0.6048476900726238,0.26518078262396105,0.006103515625,0.017365919564733212,0.9826340804352668,0.9703373680005115
anomaly,0.25016598080502295,0.6054476496054649,0.007080078125,0.030981676861236318,0.9690183231387637,0.9647942701727868
anomaly,0.735303443895593,0.3441280351920115,0.00732421875,0.030791816950686335,0.9692081830493137,0.9642457032538482
anomaly,0.27331087117093417,0.7075655884371139,0.009521484375,0.03318049269083678,0.9668195073091632,0.9537385669187386
anomaly,0.22162175581286803,0.8000207292998943,0.018310546875,0.05321192089815541,0.9467880791018446,0.9202565908735479
anomaly,0.7418482041046432,0.35832283474076876,0.007080078125,0.031190194759190937,0.9688098052408091,0.9647902195994228
anomaly,0.6981312247056615,0.1285555257927311,0.018798828125,0.050269645979284294,0.9497303540207157,0.9179870219942792
anomaly,0.2087241692932199,0.7128628233251907,0.014404296875,0.04692338265278606,0.9530766173472139,0.9385327424575752
anomaly,0.23074280492026322,0.7867906794262439,0.01611328125,0.049752729172458765,0.9502472708275412,0.9259639069712144
anomaly,0.7300927485364823,0.309116730130075,0.008544921875,0.03263549628107343,0.9673645037189266,0.9596361724107165
anomaly,0.33065476619289835,0.631637788766992,0.004150390625,0.017846380395664663,0.9821536196043353,0.9766370495344323
anomaly,0.819504065944743,0.2834138573250417,0.015380859375,0.05808194025897395,0.941918059741026,0.9317542468161177
anomaly,0.6973411246243557,0.323698369258608,0.00634765625,0.02478190556211668,0.9752180944378833,0.9686805671672074
anomaly,0.26795886219423093,0.6107029239229831,0.00634765625,0.027530186445414495,0.9724698135545855,0.9680394931593024
anomaly,0.18353807145779893,0.7233855509431366,0.015625,0.053763404323119435,0.9462365956768806,0.9299732024259039
anomaly,0.7932228505244048,0.28732425552505747,0.013427734375,0.050203038110899656,0.9497969618891003,0.9400563413310565
anomaly,0.7050538529492401,0.341329292696366,0.006103515625,0.024803236535804074,0.9751967634641959,0.9700139285307937
anomaly,0.21490966584159038,0.5951842102577496,0.0087890625,0.038683935608333275,0.9613160643916667,0.957417897922192
anomaly,0.858268589908064,0.2765026404781769,0.018798828125,0.07093045040576385,0.9290695495942362,0.9180832848291262
anomaly,0.7201820478185345,0.3396206552908544,0.006591796875,0.027936300498703548,0.9720636995012965,0.9667711731070258
anomaly,0.3118062676782465,0.8225280310914034,0.015625,0.04096553654576329,0.9590344634542367,0.9302161871511939
anomaly,0.6502479429427244,0.3113819689497672,0.004638671875,0.018176597210165624,0.9818234027898344,0.9741767557317944
anomaly,0.7574700693145585,0.2129593085522089,0.015380859375,0.049937967561862195,0.9500620324381378,0.9316086461043366
anomaly,0.6113156474450805,0.27603864407978757,0.00537109375,0.016844475992584873,0.9831555240074151,0.9720396540178846
anomaly,0.8542526475237084,0.3994403094894802,0.014404296875,0.059024477665438835,0.9409755223345612,0.938736193141968
anomaly,0.646509932714727,0.3359446447445581,0.004150390625,0.015601361404757652,0.9843986385952423,0.9787429135248563
anomaly,0.8118884414436988,0.3468648777644957,0.01220703125,0.04992849214287731,0.9500715078571227,0.9452272392384375
anomaly,0.19064213533292945,0.7446286195283427,0.015869140625,0.05394020848298742,0.9460597915170126,0.9271527624580267
anomaly,0.6708518364038368,0.34553228282947324,0.004150390625,0.018484084372473175,0.9815159156275268,0.9765910254371485
anomaly,0.6075708625800771,0.22529388876291487,0.008544921875,0.022447481399037517,0.9775525186009625,0.9604663268569847
anomaly,0.21615268305275187,0.7455606020705712,0.015380859375,0.04825531111132797,0.951744688888672,0.9331669220565191
anomaly,0.30797299750141593,0.7904024933385868,0.013671875,0.036920946625790596,0.9630790533742094,0.9393552992187137
anomaly,0.6343323452033354,0.240493273239215,0.008544921875,0.023577848798477352,0.9764221512015226,0.9613037692272276
anomaly,0.7979469591648478,0.3092757953286133,0.0126953125,0.04930401972772003,0.95069598027228,0.9429809723041114
anomaly,0.7350684388557736,0.29865534272907274,0.0087890625,0.034716562405480045,0.96528343759452,0.9566143133545469
anomaly,0.7271558936066044,0.16844901389497002,0.0166015625,0.04951516915828069,0.9504848308417193,0.9254601187342691
anomaly,0.280979151054035,0.6688611218033977,0.0078125,0.028563086478088917,0.9714369135219111,0.9624550264373463
anomaly,0.7407063066375775,0.21338712569188112,0.014892578125,0.045950008115838936,0.9540499918841611,0.935636015836998
anomaly,0.2521729098424017,0.7428751563633481,0.0126953125,0.040604858859408566,0.9593951411405914,0.9417223862555751
anomaly,0.21212850258130356,0.7342571008243872,0.01513671875,0.048049035843051535,0.9519509641569485,0.934800571952682
anomaly,0.25189636290488016,0.6653748470146662,0.0087890625,0.03392611818959934,0.9660738818104007,0.9571443417373452
anomaly,0.226032462034697,0.7435087677138212,0.014892578125,0.045935572756152454,0.9540644272438475,0.9359225604916289
anomaly,0.19389159855866445,0.7034194275804306,0.014892578125,0.049654378954948064,0.9503456210450519,0.9366701244011769
anomaly,0.6436470051832479,0.22740033755244438,0.0087890625,0.026453494795956933,0.9735465052040431,0.95680161876554
anomaly,0.3436233413269485,0.6515590104223157,0.00439453125,0.01739653370568761,0.9826034662943124,0.9755809411343584
anomaly,0.8385807090347578,0.24970671352069906,0.018798828125,0.06773835095652392,0.9322616490434761,0.9183980251475218
anomaly,0.6805714741556019,0.16649135533266152,0.015380859375,0.04085084314288945,0.9591491568571106,0.9337311134645615
anomaly,0.31946461030887796,0.680886204837518,0.00634765625,0.0231514866500947,0.9768485133499053,0.9670065984191196
anomaly,0.20788110822647332,0.7271232722933971,0.01513671875,0.04834912347231479,0.9516508765276852,0.935342794169013
anomaly,0.6429452326793363,0.2593402236071946,0.007080078125,0.022470840568369566,0.9775291594316304,0.9646483455977225
anomaly,0.763064691566053,0.3222790737054089,0.00927734375,0.039030961111733875,0.9609690388882661,0.9543653528920051
anomaly,0.1951082914534349,0.7530747396374985,0.01611328125,0.05371321780418714,0.9462867821958129,0.926302088626765
anomaly,0.792125899595655,0.35770426871083294,0.01025390625,0.04361697003492837,0.9563830299650716,0.9522828147452448
anomaly,0.2678070458666435,0.6542090177187172,0.008056640625,0.03000138854949652,0.9699986114505035,0.9622331217064177
anomaly,0.32350143293918954,0.7151487664233936,0.008544921875,0.025766291843763667,0.9742337081562363,0.9607489265383429
anomaly,0.6501884396703408,0.32708325967393886,0.004150390625,0.016820333653076558,0.9831796663469234,0.9768437857589396
anomaly,0.279373072598026,0.6452247464893377,0.0068359375,0.02722281566906737,0.9727771843309326,0.965872259978624
anomaly,0.33871781773319753,0.7200496865245778,0.00830078125,0.02419812202051097,0.975801877979489,0.9618616134558903
anomaly,0.31630550444403815,0.6681962382484811,0.00634765625,0.02258994733404296,0.977410052665957,0.9687616110397593
anomaly,0.370700671845662,0.6896203862257027,0.00537109375,0.017329083283869506,0.9826709167161305,0.9722563689304724
anomaly,0.2777670501933309,0.7175037990849694,0.01025390625,0.033317927895401334,0.9666820721045987,0.9524958474763523
anomaly,0.2635497675702536,0.6278686068996026,0.007080078125,0.029265685805437203,0.9707343141945628,0.965066873337087
anomaly,0.23408096117788207,0.7557121145032273,0.01513671875,0.04553844358736425,0.9544615564126357,0.9347853111899035
anomaly,0.21421859405536858,0.7909769228962454,0.018310546875,0.053636048029243266,0.9463639519707567,0.9211271157651595
anomaly,0.7388708526525983,0.3569754427355213,0.007080078125,0.030623092179076106,0.9693769078209239,0.9652722557736159
anomaly,0.21884930601676073,0.6905237932497215,0.01220703125,0.0428515989195275,0.9571484010804725,0.9452891109007817
anomaly,0.27202465760992,0.7240423570633494,0.0107421875,0.034986030059264595,0.9650139699407354,0.9499787135405888
anomaly,0.2526397826779429,0.5751723442990533,0.00634765625,0.029405687068864594,0.9705943129311354,0.9680857604837868
anomaly,0.7013058103728788,0.3638434956614528,0.004638671875,0.022477945288233103,0.9775220547117669,0.9738259196357166
anomaly,0.7286427699530404,0.16320893258289493,0.017578125,0.050656674405331725,0.9493433255946683,0.9234879122138703
anomaly,0.18855921827090044,0.6308048296207389,0.01171875,0.04664090565386381,0.9533590943461362,0.9466771096242032
anomaly,0.767730644832169,0.22634767174035736,0.015380859375,0.05068394852047298,0.949316051479527,0.9326437886724281
anomaly,0.39529713621701934,0.7152713596492654,0.00634765625,0.017541337459783146,0.9824586625402169,0.9693960669568669
anomaly,0.6629996230764449,0.18455568210236764,0.0126953125,0.035227329670881824,0.9647726703291182,0.942101379018456
anomaly,0.1658014275893427,0.7253950138718146,0.01708984375,0.05837240116162423,0.9416275988383758,0.9247652342566772
anomaly,0.7428961699577139,0.18277634093695788,0.01611328125,0.050815353951296216,0.9491846460487038,0.9263908142377583
anomaly,0.5943835320889116,0.2926668032768881,0.004150390625,0.013522130393157528,0.9864778696068425,0.9770159619925409
anomaly,0.2907133787418829,0.7472294100915755,0.01123046875,0.03422984741592183,0.9657701525840782,0.9479992144678001
anomaly,0.6649823401400392,0.2542809153555123,0.008544921875,0.026262414319373262,0.9737375856806267,0.9603218626541618
anomaly,0.19991795881213248,0.7279305675418473,0.015380859375,0.05024820675969166,0.9497517932403083,0.9332069087493117
anomaly,0.6901481194560384,0.36818242041219285,0.004150390625,0.02016703525188346,0.9798329647481165,0.9763861469713732
anomaly,0.2724852841253256,0.651963252777806,0.007568359375,0.028954508253703493,0.9710454917462965,0.9635156381213804
anomaly,0.24974258709071095,0.7935354226873613,0.015625,0.04693688728309997,0.9530631127169,0.9280530246220491
anomaly,0.23099730802537183,0.6718641747864238,0.010498046875,0.038805003473721844,0.9611949965262782,0.9514107506385636
anomaly,0.6573656225129917,0.22142052606547938,0.009765625,0.02918942100483435,0.9708105789951657,0.9533148930231304
anomaly,0.7035113327521068,0.112943738328801,0.021240234375,0.0540519987576622,0.9459480012423378,0.9113955400406213
anomaly,0.7910437386941458,0.3950765399970271,0.0087890625,0.040869825337034205,0.9591301746629658,0.9569923767081459
anomaly,0.3277287395966447,0.6402453571902557,0.00439453125,0.01883385842117069,0.9811661415788293,0.9749781267395293
anomaly,0.30336654328854046,0.7210267935063026,0.0087890625,0.029386861960442157,0.9706131380395578,0.9562655330825445
anomaly,0.32544149031551545,0.6714535587864046,0.00634765625,0.021481624088362516,0.9785183759116375,0.9696259999386444
anomaly,0.3457143094207107,0.6702818662800156,0.005126953125,0.018587487613689224,0.9814125123863108,0.972749480545732
anomaly,0.737663377485901,0.2673052704515363,0.010986328125,0.03857993704214391,0.9614200629578561,0.9495911992473368
anomaly,0.888447194368895,0.30237450955137485,0.02001953125,0.07843439066089708,0.9215656093391029,0.9128927929479848
anomaly,0.2111425343106858,0.6849648065935994,0.012451171875,0.04420702770233609,0.9557929722976639,0.9444180947215439
anomaly,0.1750597125615132,0.669194076828669,0.014892578125,0.0520911330448971,0.9479088669551029,0.937597273822985
anomaly,0.250857687329899,0.6479463458216655,0.008544921875,0.033007311013826035,0.966992688986174,0.9596110375467414
anomaly,0.6689329780551065,0.1975961209690389,0.01220703125,0.03425501986783108,0.9657449801321689,0.9449965898621083
anomaly,0.8001847796703245,0.2745114255778698,0.014892578125,0.05349995688080467,0.9465000431191953,0.9354546064295581
anomaly,0.3026261821741186,0.7794116387796572,0.012939453125,0.03625610660016598,0.963743893399834,0.9416062743353629
anomaly,0.7223509788706071,0.18151746661436036,0.015380859375,0.046498161134265525,0.9535018388657345,0.930488308188196
anomaly,0.19790760910834482,0.663048813245356,0.01220703125,0.04593777396581944,0.9540622260341806,0.9446963578890706
anomaly,0.3025385588722906,0.6619817758136,0.00634765625,0.024310342945270125,0.9756896570547299,0.9675128355016924
anomaly,0.3321472557586005,0.8069651320290387,0.014404296875,0.035988706803106174,0.9640112931968938,0.93796934380445
anomaly,0.5826619061767092,0.13538115204345924,0.014892578125,0.03383438019013263,0.9661656198098674,0.935416830726973
anomaly,0.7012216683205426,0.3514410085810448,0.00537109375,0.023322263328742543,0.9766777366712575,0.9721920375325924
anomaly,0.20333736095349889,0.6890871163016427,0.0126953125,0.0463329923596445,0.9536670076403555,0.9417391744220576
anomaly,0.8245624386923784,0.27947427596174895,0.015625,0.060013314558438835,0.9399866854415612,0.9294148588128746
anomaly,0.2758406489344939,0.6163669569778308,0.00634765625,0.026257460564097168,0.9737425394359028,0.9689883056763774
anomaly,0.7174710878849089,0.25398732939350716,0.010498046875,0.035780879185775105,0.9642191208142249,0.9508682530952831
anomaly,0.6847391148870126,0.16463297504903113,0.015380859375,0.04186363601621634,0.9581363639837837,0.9324313144165208
anomaly,0.6615897469024751,0.24068446804771518,0.0087890625,0.02736930373976887,0.9726306962602311,0.9575907650294863
anomaly,0.37878502197054476,0.7597988943340671,0.0087890625,0.02433590737454594,0.9756640926254541,0.9569639407151108
anomaly,0.7468709958950195,0.3351868726939864,0.008544921875,0.03409493302926336,0.9659050669707366,0.9603007983156434
anomaly,0.24866181456689979,0.7111713702180327,0.01123046875,0.038214293986436165,0.9617857060135638,0.9480040996321162
anomaly,0.7094904374717261,0.20349232550784818,0.013671875,0.04068375150601544,0.9593162484939846,0.9394860688463597
anomaly,0.6391859264377744,0.1714333599110443,0.012939453125,0.03381944322765973,0.9661805567723403,0.9414555991223457
anomaly,0.646370919653851,0.31426340915605055,0.00439453125,0.017380672980653267,0.9826193270193467,0.9752160347580998
anomaly,0.7711377963574,0.22577187838397011,0.015380859375,0.05162008997517853,0.9483799100248215,0.9316349664758846
anomaly,0.7843762392415475,0.20721832497500403,0.017578125,0.057562986094578994,0.942437013905421,0.9232084934554712
anomaly,0.33011647723491816,0.6605043299674649,0.00537109375,0.01993943280793531,0.9800605671920647,0.9721955013551374
anomaly,0.25648159932543435,0.631337437951873,0.0078125,0.030888811727518117,0.9691111882724819,0.9631229309141301
anomaly,0.672738483978206,0.32063412748523223,0.00537109375,0.02077534430911787,0.9792246556908821,0.9724010336803944
anomaly,0.22069305628374825,0.7754396057627412,0.015869140625,0.050471989492534064,0.9495280105074659,0.9267870713276092
anomaly,0.27798629334748326,0.8510699104328345,0.019287109375,0.05033509008702264,0.9496649099129774,0.9153729876083803
anomaly,0.749977735859624,0.4366956095756123,0.006103515625,0.02884617516246568,0.9711538248375343,0.9704654465234915
anomaly,0.6930134607488045,0.2932876365594163,0.00732421875,0.026788829040888307,0.9732111709591117,0.9639773766622243
anomaly,0.28281051048394085,0.6405588943984706,0.00634765625,0.026295149060243994,0.973704850939756,0.9672058444554003
anomaly,0.2763209874785017,0.7171807995453019,0.01025390625,0.03354367546234138,0.9664563245376586,0.9522926565720142
anomaly,0.7578575003301182,0.18138037214443803,0.017578125,0.054547245679920975,0.945452754320079,0.9224636388605132
anomaly,0.3023523229651436,0.6234042954602315,0.0048828125,0.02182687527681826,0.9781731247231817,0.9730996111293535
anomaly,0.6727593593526263,0.3213756254551594,0.00537109375,0.020715265947324757,0.9792847340526752,0.9725222474008006
anomaly,0.2247803862201785,0.67088917066459,0.0107421875,0.04011808854943999,0.95988191145056,0.9501169926659278
anomaly,0.3017001333433296,0.7589105417721722,0.01171875,0.033846277302718164,0.9661537226972818,0.9469268035625282
anomaly,0.7566294149899258,0.2329790300916666,0.014892578125,0.04709634195496326,0.9529036580450367,0.9370686540547202
anomaly,0.728153321125127,0.2968475095608683,0.0087890625,0.03339220254335851,0.9666077974566415,0.957762394377638
anomaly,0.3196824854855369,0.662023510917396,0.006103515625,0.021595517425214372,0.9784044825747856,0.9703404946318275
anomaly,0.260595496866622,0.6666790584081368,0.0087890625,0.032268175495792306,0.9677318245042077,0.9587673098516759
anomaly,0.7499159897527871,0.15528805427232772,0.019287109375,0.05670928412896492,0.9432907158710351,0.9161761214520453
anomaly,0.2255278778031145,0.7507445217644313,0.01513671875,0.046779175829158026,0.953220824170842,0.934093095912938
anomaly,0.6400136388588253,0.3051103273983935,0.00439453125,0.01735191114032697,0.982648088859673,0.974426005237685
anomaly,0.24046368983463035,0.7829264434863272,0.015625,0.04737723480398359,0.9526227651960164,0.9290950370193377
anomaly,0.6964173844373406,0.3031394452428955,0.007080078125,0.026458158240020513,0.9735418417599795,0.9652356311104541
anomaly,0.699094134920567,0.1646751902871601,0.015625,0.044461362536429294,0.9555386374635707,0.9298679049147065
anomaly,0.3514478475921675,0.6552642823506677,0.00439453125,0.01665682376891975,0.9833431762310803,0.9760461558680062
anomaly,0.7135475022454749,0.15216645604044926,0.017578125,0.049283455994003966,0.950716544005996,0.9230393016932639
anomaly,0.6435226672948261,0.29482957015324585,0.00537109375,0.018794932475515003,0.981205067524485,0.9720317006378459
anomaly,0.703644908887763,0.26691973019045223,0.0087890625,0.03155296320562939,0.9684470367943706,0.9565255813837626
anomaly,0.6454996758480611,0.1469729963608078,0.015380859375,0.03860341193245631,0.9613965880675437,0.9327264708750197
anomaly,0.27839493715630514,0.730755807629693,0.010986328125,0.03453374373656348,0.9654662562634365,0.9496755435873073
anomaly,0.6823588326193262,0.3327395023521074,0.005126953125,0.021370666225063006,0.978629333774937,0.9727823421894051
anomaly,0.3212310133474824,0.6629665673100503,0.006103515625,0.02143389548661767,0.9785661045133823,0.9704273546525242
anomaly,0.28610397743782584,0.6714642953150147,0.0078125,0.027841342991879126,0.9721586570081209,0.9629738287083246
anomaly,0.6391785805472492,0.32346105344193676,0.004150390625,0.015628208634667295,0.9843717913653327,0.9777270712144857
anomaly,0.26869131150294134,0.6336547416359529,0.007080078125,0.028565111084252304,0.9714348889157477,0.9653697557194993
anomaly,0.6560307339548476,0.3169992290722713,0.00439453125,0.018511966614132125,0.9814880333858679,0.9743339075650186
anomaly,0.2526498576473635,0.6920889620011503,0.01025390625,0.03578489259093853,0.9642151074090615,0.9526132457124112
anomaly,0.30110778023296886,0.708060759035771,0.0087890625,0.02846293937262101,0.971537060627379,0.9586726230383893
anomaly,0.20176835821768646,0.6778180328278278,0.012451171875,0.04592815210469414,0.9540718478953059,0.9433041948618666
anomaly,0.7039113251454079,0.3196476657557065,0.006591796875,0.026365709416562355,0.9736342905834376,0.9667740629511168
anomaly,0.6622476019524133,0.35207428739535374,0.004150390625,0.016674503728367207,0.9833254962716328,0.9788379512439799
anomaly,0.29325533415756155,0.6925883826245661,0.008544921875,0.028338789972334855,0.9716612100276651,0.9604162814658644
anomaly,0.214762653226237,0.7413168644651341,0.015380859375,0.048141330805516636,0.9518586691944834,0.9338257215975566
anomaly,0.7159927186410875,0.3392412706059238,0.00634765625,0.027114166737748246,0.9728858332622518,0.9675623203453017
anomaly,0.2060876496463383,0.6274521796742752,0.01025390625,0.04207618923064682,0.9579238107693532,0.9517230481980843
anomaly,0.7862688239774407,0.25977650983707123,0.014892578125,0.051368050606611426,0.9486319493933886,0.9359974424285107
anomaly,0.3011496807028686,0.7231540659161686,0.0087890625,0.02995525957424483,0.9700447404257552,0.9554217083979579
anomaly,0.7972374344191488,0.23110019483431282,0.01611328125,0.057866255575499626,0.9421337444245004,0.9260702539269006
anomaly,0.23145535372935488,0.8068759055139128,0.018310546875,0.05212761407512312,0.9478723859248769,0.9204131684914367
